id,source_id,source_name,author,title,description,url,img_url,publishedAt,content
0,bbc-news,BBC News,https://www.facebook.com/bbcnews,Trump endorses daughter-in-law Lara Trump for RNC leadership,A successful co-chair bid for Lara Trump would shift the Republican committee closer to Mr Trump's campaign.,https://www.bbc.co.uk/news/world-us-canada-68255431,https://ichef.bbci.co.uk/news/1024/branded_news/8157/production/_132611133_gettyimages-1247684553.jpg,2024-02-13T02:34:29Z,"Former US President Donald Trump has endorsed his daughter-in-law to head the Republican National Committee (RNC). 
Mr Trump voiced his support for Lara Trump and Michael Whatley, chair of North Car… [+2968 chars]"
1,wired,Wired,Andy Greenberg,The Mysterious Case of the Missing Trump Trial Ransomware Leak,"The notorious LockBit gang promised a Georgia court leak ""that could affect the upcoming US election.” It didn't materialize—but the story may not be over yet.",https://www.wired.com/story/lockbit-fulton-county-georgia-trump-ransomware-leak/,"https://media.wired.com/photos/65e0b253054e55cd02eaf84d/191:100/w_1280,c_limit/Lockbit-Ransomware-Gang-Leaks-Trump-Trial-Docs-From-Georgia-Court-Security-GettyImages-1601257378.jpg",2024-02-29T18:24:47Z,"This week, the notorious ransomware gang known as LockBit threatened a kind of disruption that would have been a first even for a criminal industry that's crippled hospitals and triggered the shutdow… [+3403 chars]"
2,bbc-news,BBC News,,Panorama - Trump: The Sequel?,Justin Webb and Marianna Spring look ahead to an unprecedented American election year.,https://www.bbc.co.uk/iplayer/episode/m001x0yl/panorama-trump-the-sequel,https://ichef.bbci.co.uk/images/ic/1200x675/p0hg13f8.jpg,2024-03-04T06:00:00Z,Justin Webb and Marianna Spring travel from the frozen plains of Iowa to the swing state of Georgia to explore Donald Trumps enduring appeal and look ahead to an unprecedented American election year.… [+4 chars]
3,wired,Wired,David Gilbert,Gab’s Racist AI Chatbots Have Been Instructed to Deny the Holocaust,"The proliferation of generative AI chatbots on extremist platforms could lead to increased radicalization, experts warn.",https://www.wired.com/story/gab-ai-chatbot-racist-holocaust/,"https://media.wired.com/photos/65d512ac5503edf560835d2c/191:100/w_1280,c_limit/politics_gab_chatbot_extreme_racist.jpg",2024-02-21T16:31:39Z,The prominent far-right social network Gab has launched almost 100 chatbotsranging from AI versions of Adolf Hitler and Donald Trump to the Unabomber Ted Kaczynskiseveral of which question the realit… [+3104 chars]
4,bbc-news,BBC News,https://www.facebook.com/bbcnews,US Supreme Court to consider if Trump should be banned from running for president,Justices will weigh if Colorado can strike Mr Trump off its ballot after finding he engaged in insurrection.,https://www.bbc.co.uk/news/world-us-canada-68234332,https://ichef.bbci.co.uk/news/1024/branded_news/10AC0/production/_132588286_9b95edbd338c163a6a6810f886c5229d719ba07b0_309_5500_30955500x3095.jpg,2024-02-08T02:57:24Z,"The US Supreme Court will wade into uncharted legal waters on Thursday as it considers if Donald Trump should be barred from running for president.
The justices will weigh if Colorado can strike Mr … [+4038 chars]"
5,bbc-news,BBC News,https://www.facebook.com/bbcnews,US election: Donald Trump wins crushing victory in Nevada caucus,Initial results showed the former president gaining more than 98% of the vote in the state.,https://www.bbc.co.uk/news/world-us-canada-68248731,https://ichef.bbci.co.uk/news/1024/branded_news/ACA8/production/_132600244_3b80bf0bd3eeecd58075b4db9bedd7778fef642e.jpg,2024-02-09T06:45:50Z,"Former President Donald Trump has won the Nevada Republican caucus by a large margin.
The only other person whose name was on the ballot was Ryan Binkley, a pastor and businessman.
It means Mr Trum… [+2021 chars]"
6,bbc-news,BBC News,https://www.facebook.com/bbcnews,Trump challenges $454m penalty in civil fraud case,"Interest on the penalty will keep accruing at nearly $112,000 per day as the legal challenge plays out.",https://www.bbc.co.uk/news/world-us-canada-68407054,https://ichef.bbci.co.uk/news/1024/branded_news/138FC/production/_132742108_gettyimages-2036027205.jpg,2024-02-26T16:46:01Z,"Donald Trump is appealing against a New York judge's ruling that he must pay $454m (£360m) in penalties and interest in a civil fraud case. 
This month's judgement was $355m, but the amount has soar… [+599 chars]"
7,bbc-news,BBC News,https://www.facebook.com/bbcnews,Trump takes immunity challenge to US Supreme Court,He is fighting a lower court ruling that he can be tried for allegedly plotting to overturn 2020 election.,https://www.bbc.co.uk/news/world-us-canada-68277167,https://ichef.bbci.co.uk/news/1024/branded_news/145FC/production/_132625438_gettyimages-1993693376.jpg,2024-02-12T21:40:22Z,"Ex-US President Donald Trump has asked the Supreme Court to suspend a lower court ruling that he does not have presidential immunity from prosecution.
Mr Trump had claimed in his election interferen… [+1185 chars]"
8,bbc-news,BBC News,https://www.facebook.com/bbcnews,Biggest US election day yet as 15 states vote on Super Tuesday,Democrats and Republicans are choosing who they want to stand for president - with a Trump-Biden rematch looking likely.,https://www.bbc.co.uk/news/live/world-us-canada-68427309,https://m.files.bbci.co.uk/modules/bbc-morph-news-waf-page-meta/5.3.0/bbc_news_logo.png,2024-03-05T12:25:09Z,"Super Tuesday is the day in the presidential primary cycle when the most states vote. 
Its a tradition that has developed over the last few decades as states have shifted their Republican and Democr… [+754 chars]"
9,bbc-news,BBC News,https://www.facebook.com/bbcnews,Nikki Haley loses to 'none of the candidates' in Nevada Republican primary,Donald Trump was not on the ballot but Nikki Haley still lost out as Republican leaders urged a protest vote.,https://www.bbc.co.uk/news/world-us-canada-68225999,https://ichef.bbci.co.uk/news/1024/branded_news/16F9C/production/_132580149_haley_976getty.jpg,2024-02-07T10:13:55Z,"Nikki Haley has suffered a humiliating defeat in the Republican primary in Nevada, despite facing no competition in the absence of Donald Trump.
She received fewer votes than ""None of these candidat… [+1436 chars]"
10,bbc-news,BBC News,,Donald Trump launches own-brand shoes after $355m court blow,The ex-president promoted gold-coloured shoes at a sneaker convention in Philadelphia.,https://www.bbc.co.uk/news/av/world-us-canada-68329886,https://ichef.bbci.co.uk/news/1024/branded_news/30C7/production/_132678421_trumo.jpg,2024-02-18T01:17:49Z,"Former US President Donald Trump has launched his own line of Trump-branded shoes at Sneaker Con - a convention for sneaker fans in Philadelphia.
His appearance was met with loud boos as well as che… [+320 chars]"
11,bbc-news,BBC News,https://www.facebook.com/bbcnews,Trump calls on Alabama to protect IVF treatment,Several clinics paused treatment after a court ruled frozen embryos have the same rights as children.,https://www.bbc.co.uk/news/world-us-canada-68388232,https://ichef.bbci.co.uk/news/1024/branded_news/F462/production/_132726526_31464ac86dceb784c1903ddd97cd78413b34fc3b0_114_4894_27534894x2753.jpg,2024-02-23T20:55:30Z,"Donald Trump has said he supports the availability of IVF treatment, joining a growing number of Republicans seeking to distance themselves from an Alabama court ruling on the issue.
The state's top… [+963 chars]"
12,bbc-news,BBC News,https://www.facebook.com/bbcnews,Donald Trump's first criminal trial begins next month. What will it look like?,The Republican frontrunner for president will juggle an untelevised six-week trial with campaigning.,https://www.bbc.co.uk/news/world-us-canada-68309680,https://ichef.bbci.co.uk/news/1024/branded_news/46D8/production/_132663181_gettyimages-2006022586.jpg,2024-02-15T19:07:07Z,"Donald Trump's first criminal trial is scheduled to begin next month, with jury selection starting on 25 March.
The former president has in recent months faced judges in two separate New York civil … [+4846 chars]"
13,bbc-news,BBC News,,From friends to 'unhinged' ex-boss - Haley's changed tune on Trump,Nikki Haley avoided mentioning her former boss during the first months of 2023 but that's changed in 2024.,https://www.bbc.co.uk/news/av/world-us-canada-68355157,https://ichef.bbci.co.uk/news/1024/branded_news/7593/production/_132699003_p0hd29v6.jpg,2024-02-20T20:56:30Z,"Nikki Haley avoided mentioning her former boss during the first months of 2023 but that changed in 2024. 
The former South Carolina governor is hoping to win the primaries there and since her defeat… [+84 chars]"
14,bbc-news,BBC News,https://www.facebook.com/bbcnews,Nato chief says Donald Trump comments 'undermine all of our security',The presidential hopeful suggests the US will not protect allies failing to meet defence spending targets.,https://www.bbc.co.uk/news/world-us-canada-68269354,https://ichef.bbci.co.uk/news/1024/branded_news/1202B/production/_132617737_e94b4452da24e96fe2d7992f3d46c2d6c460116c0_0_4000_26681000x667.jpg,2024-02-11T18:32:35Z,"Media caption, Watch: Trump would not protect countries from attack by Russia if they do not pay enough into Nato
Donald Trump's suggestion the US would not protect Nato allies failing to spend enou… [+4450 chars]"
15,bbc-news,BBC News,https://www.facebook.com/bbcnews,"Ukraine war: 'Artificial shortage' of weapons helps Putin, says Zelensky",Ukraine's president says Russia's Vladimir Putin will unleash a catastrophe if he is allowed to win the war.,https://www.bbc.co.uk/news/world-europe-68325022,https://ichef.bbci.co.uk/news/1024/branded_news/5241/production/_132675012_b0b440318c5a0348ae3ee07915435790827dca270_286_5561_31281000x563.jpg,2024-02-17T11:48:39Z,"Ukraine's President Volodymyr Zelensky has made an urgent appeal for more weapons to avoid a ""catastrophic"" situation in Europe.
An ""artificial deficit of weapons"" will only help Russia, Mr Zelensky… [+2145 chars]"
16,bbc-news,BBC News,https://www.facebook.com/bbcnews,Democrats rally around Biden as report raises age concerns,"One Democratic lawmaker said he found the president to be ""sharp, focused, formidable and effective"".",https://www.bbc.co.uk/news/world-us-canada-68246569,https://ichef.bbci.co.uk/news/1024/branded_news/6E78/production/_132608282_gettyimages-1988742253.jpg,2024-02-09T20:12:03Z,"Democrats are defending President Joe Biden after a report on his handling of classified documents raised concerns about his age and mental fitness. 
Mr Biden will not be charged for keeping classif… [+3840 chars]"
17,business-insider,Business Insider,"Katie Balevic,Lauren Edmonds",Trump says a Taylor Swift endorsement of Biden would be disloyal because he 'made her so much money',"Trump said it would be disloyal if Taylor Swift endorsed Joe Biden because Trump signed the Music Modernization Act, which he says ""made her so much money.""",https://www.businessinsider.com/trump-taylor-swift-endorsement-biden-disloyal-money-super-bowl-2024-2,https://i.insider.com/65c9316f917a1dae02455da4?width=1200&format=jpeg,2024-02-11T21:12:23Z,"Taylor Swift performs as part of the 'Eras Tour' at the Tokyo Dome.Toru Hanai/AP
<ul><li>Donald Trump said a Taylor Swift endorsement of Joe Biden would be a betrayal.</li><li>Trump claimed he ""made… [+2368 chars]"
18,business-insider,Business Insider,John L. Dorman,New poll shows Biden losing some of his 2020 voters to Trump and lagging in support among women,"In a new poll, former President Trump led President Biden among likely voters 48% to 44%. Biden is also losing 9% of his 2020 backers to Trump.",https://www.businessinsider.com/poll-biden-trump-women-suburban-voters-economy-inflation-2024-3,https://i.insider.com/65107349e2c0220019ef330e?width=1200&format=jpeg,2024-03-02T21:02:26Z,"President Joe Biden is trailing former President Donald Trump, according to a new poll of likely voters.AP Photo/Alex Brandon, File; AP Photo/Susan Walsh, File
<ul><li>The latest New York Times/Sien… [+2994 chars]"
19,business-insider,Business Insider,ashoaib@insider.com (Alia Shoaib),Trump again mixed up Obama and Biden during Virginia rally speech,Trump and Biden's word gaffes have prompted questions about their age and fitness for presidency.,https://www.businessinsider.com/trump-mixes-up-biden-obama-again-in-virginia-rally-speech-2024-3,https://i.insider.com/65e45a136080194819fbfaf6?width=1200&format=jpeg,2024-03-03T11:13:52Z,"Former President Donald Trump appeared to mix up President Joe Biden and former President Barack Obama again during a rally speech in Virginia.
""Putin has so little respect for Obama that he's start… [+1738 chars]"
20,business-insider,Business Insider,ashoaib@insider.com (Alia Shoaib),"Trump's comments about allowing Russia to attack NATO countries are 'appalling and unhinged,' the White House says","Donald Trump said he would encourage Russia to do ""whatever the hell they want"" to non-paying NATO countries.",https://www.businessinsider.com/white-house-trump-nato-russia-comments-appalling-unhinged-2024-2,https://i.insider.com/65c8a23c6fcb546d2d4e4c05?width=1200&format=jpeg,2024-02-11T11:11:43Z,"The White House said former President Donald Trumps suggestion that the US could let Russia attack non-paying NATO countries is ""appalling and unhinged.""Speaking at a rally in South Carolina on Satur… [+3287 chars]"
21,business-insider,Business Insider,nrennolds@insider.com (Nathan Rennolds),Trump receives mixed reception as he launches $400 gold sneakers day after $355 million court ruling,"Trump was met with both boos and cheers ringing out from the audience at ""Sneaker Con"" in Philadelphia on Saturday.",https://www.businessinsider.com/trump-receives-mixed-reception-as-he-launches-gold-sneakers-2024-2,https://i.insider.com/65d1cd2af533b039a884fa55?width=1200&format=jpeg,2024-02-18T11:40:48Z,"Former President Donald Trump made a surprise appearance at ""Sneaker Con"" in Philadelphia on Saturday.
Trump took to the stage at the event, which describes itself as ""the greatest sneaker show on E… [+1832 chars]"
22,business-insider,Business Insider,Laura Italiano,"NY's Letitia James takes a Trump verdict victory lap after her often bizarre, 5-year war of words with Trump","""The scale and the scope of Donald Trump's fraud is staggering,"" James told reporters. ""And so, too, is his ego.""",https://www.businessinsider.com/letitia-james-takes-verdict-victory-lap-calls-trumps-ego-staggering-2024-2,https://i.insider.com/65cffbe3a610a9069d5a3a4e?width=1200&format=jpeg,2024-02-17T01:01:21Z,"New York Attorney General Letitia JamesAP Photo/Alex Brandon
<ul><li>Trump's fraud verdict caps a 5-year effort by NY Attorney General Letitia James.</li><li>Afterward, she called it a ""massive vict… [+4851 chars]"
23,business-insider,Business Insider,Kwan Wei Kevin Tan,New York Attorney General says she'll seize the Trump Building if Donald Trump can't pay his $355 million fine,"""I look at 40 Wall Street each and every day,"" New York Attorney General Letitia James said, referencing the Trump Building.",https://www.businessinsider.com/new-york-ag-seize-trump-assets-cannot-pay-penalty-2024-2,https://i.insider.com/65d55ad2a610a9069d5ac624?width=1200&format=jpeg,2024-02-21T04:37:12Z,"""We are prepared to make sure that the judgment is paid to New Yorkers, and yes, I look at 40 Wall Street each and every day,"" New York Attorney General Letitia James said of Donald Trump and his Man… [+2079 chars]"
24,business-insider,Business Insider,Michael R. Sisak,Trump appeals New York civil fraud loss as $454 million judgment grows with each day he doesn't pay up,"Former President Donald Trump still has to pony up the $355 million judgment, plus interest.",https://www.businessinsider.com/trump-appeals-new-york-fraud-judgement-money-interest-2024-2,https://i.insider.com/65dcb44690413ab8e1d6cb41?width=1200&format=jpeg,2024-02-26T16:04:05Z,"Former U.S. President Donald Trump speaks as he exits the courtroom for a break during his civil fraud trial at New York Supreme Court.Michael M. Santiago/Getty Images
<ul><li>Donald Trump told an a… [+5211 chars]"
25,business-insider,Business Insider,Madison Hall,GOP congressman blames the 'craze-os' and media for Trump being removed from ballots in connection with the January 6 riots,Congressional Republicans announced Tuesday they're filing a resolution absolving Trump of criminal insurrection.,https://www.businessinsider.com/gop-congressman-blames-media-for-trump-getting-tied-to-insurrection-2024-2,https://i.insider.com/65c2794a6fcb546d2d4caf65?width=1200&format=jpeg,2024-02-06T18:33:27Z,"U.S. Rep. Andy Biggs (R-AZ) speaks at a press conference on the debt limit and the Freedom Caucus's plan for spending reduction at the U.S. Capitol on March 28, 2023 in Washington, DC. The group of c… [+2914 chars]"
26,business-insider,Business Insider,Nathan Rennolds,"Trump will likely run out of legal defense funds by summer, report says",Donald Trump may now be forced choose a few undesirable options to continue his legal defenses.,https://www.businessinsider.com/donald-trump-likely-run-out-legal-funds-summer-report-politics-2024-2,https://i.insider.com/65d1eaefa610a9069d5a437b?width=1200&format=jpeg,2024-02-18T16:50:48Z,"Former US President and 2024 presidential hopeful Donald Trump speaks during a campaign event in Waterloo, Iowa, on December 19, 2023.KAMIL KRZACZYNSKI
<ul><li>Donald Trump will likely run out of le… [+2631 chars]"
27,business-insider,Business Insider,Hannah Getahun,Ivanka Trump and her shiny sari are attempting to single-handedly revive the glamorous face of Trumpworld at Ambani's pre-wedding bash,Ivanka Trump attended the Ambani pre-wedding event in a flashy gold sari.,https://www.businessinsider.com/photos-ivanka-trump-wears-shiny-sari-to-ambani-wedding-event-2024-3,https://i.insider.com/65e2aecd90413ab8e1d89b33?width=1200&format=jpeg,2024-03-02T05:32:33Z,"---
<ul><li>Ivanka Trump is in India for a glitzy wedding event, and in top form.</li><li>Trump has in the last year distanced herself from politics, but she's been active on social media.</li><li>N… [+2193 chars]"
28,bbc-news,BBC News,https://www.facebook.com/bbcnews,Why are US-Mexico border crossings at record levels?,The influx has caused Joe Biden a massive political headache ahead of the presidential election.,https://www.bbc.co.uk/news/world-us-canada-68208637,https://ichef.bbci.co.uk/news/1024/branded_news/1105/production/_132575340_gettyimages-1976437330-1.jpg,2024-02-07T01:36:38Z,"Migrant arrivals at the border have risen to record highs during President Joe Biden's administration, a massive political headache for him ahead of the election.
Polls suggest that more than two-th… [+4454 chars]"
29,bbc-news,BBC News,https://www.facebook.com/bbcnews,Border bill: US senators move to salvage Ukraine and Israel aid in new vote,Republicans blocked a sweeping bill that was months in the making - but a back-up has been put forward.,https://www.bbc.co.uk/news/world-us-canada-68235899,https://ichef.bbci.co.uk/news/1024/branded_news/B02A/production/_132589054_00ccadc5d31e27ea2e3e4c89c74369edb5e49204.jpg,2024-02-07T23:58:36Z,"US lawmakers are hoping to salvage a military aid package for Ukraine and Israel, after the Senate voted down a major piece of legislation.
The failed bipartisan legislation tied tougher border rest… [+4121 chars]"
30,business-insider,Business Insider,ktan@businessinsider.com (Kwan Wei Kevin Tan),Donald Trump's niece says she thinks Jon Stewart's 'rhetoric' is a 'potential disaster for democracy',"""Not only is Stewart's 'both sides are the same' rhetoric not funny, it's a potential disaster for democracy,"" Mary Trump said of Stewart.",https://www.businessinsider.com/jon-stewart-potential-disaster-democracy-donald-trump-niece-mary-trump-2024-2,https://i.insider.com/65cd76cf94aa8ee8e84b9046?width=1200&format=jpeg,2024-02-15T03:34:58Z,"Mary Trump wasn't amused by Jon Stewart's monologue on his first day back behind the desk at ""The Daily Show.""
The former president's niece criticized Stewart's Monday episode where he slammed Presi… [+2643 chars]"
31,bbc-news,BBC News,https://www.facebook.com/bbcnews,Jared Kushner defends controversial $2bn Saudi investment,Donald Trump's son-in-law and ex-advisor also says he is not interested in a possible White House return.,https://www.bbc.co.uk/news/world-us-canada-68296877,https://ichef.bbci.co.uk/news/1024/branded_news/D16F/production/_132651635_gettyimages-1250091969.jpg,2024-02-14T15:37:23Z,"Donald Trump's son-in-law and former advisor Jared Kushner has defended his business dealings with Saudi Arabia and its Crown Prince Mohammed bin Salman. 
After leaving the White House, Mr Kushner's… [+2660 chars]"
32,business-insider,Business Insider,"Laura Italiano,Jacob Shamsian","The $354M Trump fraud verdict: what it says, what it does","Judge Engoron's verdict orders $364M in penalties, and for three years strips Trump's control of Trump Organization. See the highlights here.",https://www.businessinsider.com/trump-civil-fraud-verdict-whats-in-judge-engorons-decision-2024-2,https://i.insider.com/65cfc6c0f533b039a884daf2?width=1200&format=jpeg,2024-02-16T20:34:38Z,"Donald Trump at his civil fraud trial in New York.Spencer Platt/ Getty Images
<ul><li>Trump, his eldest sons, and Trump Org must pay back $364 million pocketed through a decade of fraud.</li><li>Fri… [+3735 chars]"
33,business-insider,Business Insider,mfox@businessinsider.com (Matthew Fox),What a Trump 2.0 presidency would mean for the stock market,"""We would be inclined to only slightly lower our S&P 500 forecast of 6,500 by end-25, if Trump won,"" Capital Economics said.",https://markets.businessinsider.com/news/stocks/donald-trump-second-term-president-stock-market-implications-inflation-rates-2024-2,https://i.insider.com/65d8db6e90413ab8e1d67866?width=1200&format=jpeg,2024-02-25T13:30:01Z,"Investors are beginning to consider the potential stock market implications of a second Donald Trump presidency.
Trump has been ahead of President Joe Biden in various polls and betting markets, so … [+2895 chars]"
34,business-insider,Business Insider,"Jacob Shamsian,Laura Italiano","Ivanka Trump's spotty memory called 'suspect' by judge in fraud trial verdict, even though she was dismissed from the case",Ivanka Trump testified in the NY civil fraud trial and claimed she had a tough time remembering. Judge Engoron's ruling took a shot at her memory.,https://www.businessinsider.com/ivanka-trump-memory-fraud-trial-verdict-judge-engoron-2024-2,https://i.insider.com/65cba355f533b039a882fab6?width=1200&format=jpeg,2024-02-16T23:14:37Z,"Ivanka Trump testified in former President Trump's civil fraud trial in New York, often claiming she couldn't remember things.Lev Radin/Pacific Press/LightRocket via Getty Images
<ul><li>Justice Art… [+6428 chars]"
35,business-insider,Business Insider,"Jacob Shamsian,Laura Italiano","Trump fraud verdict takes a swipe at Ivanka, though she was no longer a target in the case",Ivanka Trump took the witness stand in the fraud trial and claimed she had a tough time remembering.,https://www.businessinsider.com/ivanka-trump-tktktkttkkttktktktktktktktktktktktkkkkkk-skewered-tktkktk-in-fraud-trial-verdict-by-judge-2024-2,https://i.insider.com/65cba355f533b039a882fab6?width=1200&format=jpeg,2024-02-16T22:53:51Z,"Ivanka Trump testified in former President Trump's civil fraud trial in New York, often claiming she couldn't remember things.Lev Radin/Pacific Press/LightRocket via Getty Images
<ul><li>Justice Art… [+6428 chars]"
36,business-insider,Business Insider,"Kwan Wei Kevin Tan,Joshua Zitser",Trump spent months thrashing Ron DeSantis. Now he's put his onetime protégé on his VP shortlist.,"Donald Trump might have feuded with his onetime protégé Ron DeSantis during the GOP primaries, but he now says DeSantis is on his VP shortlist.",https://www.businessinsider.com/trump-spent-months-bashing-ron-desantis-now-on-vp-shortlist-2024-2,https://i.insider.com/65d5b84fa3bd891424f8c9db?width=1200&format=jpeg,2024-02-21T11:01:11Z,Former President Donald Trump (left) said in a Fox News town hall on Tuesday that Florida Gov. Ron DeSantis (right) was on his vice presidential shortlist.Justin Sullivan via Getty Images; Joe Raedle… [+3541 chars]
37,business-insider,Business Insider,Kwan Wei Kevin Tan,Putin says he'd prefer a second Biden term to having Donald Trump back in the White House,"Putin said he preferred Biden over Trump because he thinks the former is ""more predictable"" and ""experienced.""",https://www.businessinsider.com/putin-prefer-second-biden-term-over-trump-one-2024-2,https://i.insider.com/65cdab7cf533b039a883dfc4?width=1200&format=jpeg,2024-02-15T08:03:34Z,"Joe Biden (left), Vladimir Putin (center), and Donald Trump (right).Anna Moneymaker via Getty Images; Contributor via Getty Images; Win McNamee via Getty Images
<ul><li>Vladimir Putin says he'd pref… [+2137 chars]"
38,business-insider,Business Insider,Brent D. Griffiths,Republicans are panicking about IVF treatment being restricted in Alabama,Trump on Friday moved to distance himself from what is becoming a major political headache for the GOP.,https://www.businessinsider.com/trump-alabama-ivf-ruling-gop-republicans-2024-biden-2024-2,https://i.insider.com/65d9009ace7f1785b2e397eb?width=1200&format=jpeg,2024-02-23T20:40:32Z,"Former President Donald Trump.Scott Eisen/Getty Images
<ul><li>Trump said on Friday that he supports IVF.</li><li>The former president's statement came as Republicans try to distance themselves from… [+3824 chars]"
39,business-insider,Business Insider,Jyoti Mann,Bill Gates and Mark Zuckerberg are among the CEOs and celebs set to attend a 3-day pre-wedding party being thrown by an Indian tycoon worth $113 billion,"Other guests expected to attend the lavish celebrations include Sundar Pichai, Bob Iger, and Ivanka Trump, reports say.",https://www.businessinsider.com/bill-gates-mark-zuckerberg-among-expected-attendees-at-indian-wedding-2024-2,https://i.insider.com/65e07a0dce7f1785b2e4d797?width=1200&format=jpeg,2024-02-29T14:30:41Z,"Radhika Merchant and Anant Ambani, the son of billionaire Mukesh Ambani.Getty Images
<ul><li>A son of the Indian billionaire Mukesh Ambani is due to get married in July. </li><li>Bill Gates and Mark… [+3178 chars]"
40,business-insider,Business Insider,Alia Shoaib,Former 'apprentices' and Trump Media cofounders file lawsuit claiming company execs tried to dilute their stake ahead of a potential merger,"Andy Litinsky and Wes Moss, who met Trump when they were contestants on ""The Apprentice,"" filed the lawsuit.",https://www.businessinsider.com/trump-media-company-cofounders-sue-scheme-dilute-shares-2024-3,https://i.insider.com/65e32ac790413ab8e1d89ee7?width=1200&format=jpeg,2024-03-02T18:12:41Z,"Andy Litinsky and Wes Moss (L), and Donald Trump (R).Dimitrios Kambouris/WireImage for Vogue via Getty Images, Justin Sullivan via Getty Images
<ul><li>Trump Media & Technology Group cofounders accu… [+2939 chars]"
41,business-insider,Business Insider,John L. Dorman,The ultimate guide to Super Tuesday,Both President Biden and former President Trump are in commanding positions as they seek their respective 2024 party nominations.,https://www.businessinsider.com/super-tuesday-guide-delegates-primaries-caucuses-biden-trump-haley-2024-3,https://i.insider.com/65e6317290413ab8e1d9089e?width=1200&format=jpeg,2024-03-04T21:10:28Z,"President Joe Biden, former President Donald Trump, and former UN ambassador Nikki Haley.AP Photo/Andrew Harnik; AP Photo/Andrew Harnik; Win McNamee/Getty Images
<ul><li>Both President Biden and for… [+11338 chars]"
42,business-insider,Business Insider,Kelsey Vlamis,Trump's former White House attorney says his immunity argument is 'weak' and that the Supreme Court could decline to hear case,"Ty Cobb, a former Trump White House lawyer, said Trump's last-ditch appeal to the Supreme Court was weak.",https://www.businessinsider.com/trump-immunity-argument-weak-supreme-court-deny-week-ty-cobb-2024-2,https://i.insider.com/65cad6ab6e2e190e71a3e3fa?width=1200&format=jpeg,2024-02-13T03:23:22Z,"Republican presidential candidate and former US President Donald Trump greets supporters at his caucus night watch party at the Treasure Island Hotel & Casino on February 08, 2024, in Las Vegas.Mario… [+2273 chars]"
43,business-insider,Business Insider,Hannah Getahun,"Trump's bombastic personality defined his civil proceedings. In criminal court, lawyers from Trump's orbit say it could be his demise.","Donald Trump will have to tone down the antics during his four criminal trials, attorneys told The New York Times.",https://www.businessinsider.com/trumps-antics-could-harm-him-in-upcoming-criminal-trials-2024-3,https://i.insider.com/65e3f7a990413ab8e1d8a5d8?width=1200&format=jpeg,2024-03-03T05:35:04Z,"Republican presidential candidate and former US President Donald Trump dances off stage at the conclusion of a campaign rally.Chip Somodevilla/Getty Images
<ul><li>Donald Trump's antics defined his … [+2843 chars]"
44,business-insider,Business Insider,Erin Snodgrass,The Supreme Court agrees to hear Trump's presidential immunity claim,The Supreme Court's involvement in the election interference case against Trump will further delay a possible trial in the matter.,https://www.businessinsider.com/supreme-court-agrees-hear-trumps-immunity-claim-in-election-case-2024-2,https://i.insider.com/65ba7ced43bb77284ba21b85?width=1200&format=jpeg,2024-02-28T22:25:19Z,"Donald Trump.David Becker/Getty Images
<ul><li>The Supreme Court will hear Trump's immunity claims in his federal election interference case.</li><li>Special counsel Jack Smith's case against Trump … [+949 chars]"
45,business-insider,Business Insider,John L. Dorman,"Nikki Haley's campaign blasts Trump over the GOP special election loss in New York: 'Until Republicans wake up, we will continue to lose'","""We just lost another winnable Republican House seat because voters overwhelmingly reject Donald Trump,"" Haley spokesperson Olivia Perez-Cubas said.",https://www.businessinsider.com/haley-trump-new-york-house-special-election-suozzi-pilip-gop-2024-2,https://i.insider.com/65ccf31cf533b039a8838eda?width=1200&format=jpeg,2024-02-14T18:49:56Z,"GOP presidential candidate Nikki Haley.Joe Raedle/Getty Images
<ul><li>Nikki Haley's campaign pointed to Donald Trump after the GOP lost New York's 3rd district House special election.</li><li>""Unti… [+2473 chars]"
46,business-insider,Business Insider,"Madison Hall,Taylor Berman","Only 32 percent of voters say they're confident in Biden's mental and physical strength, but overall support for him is about the same as in 2020: poll","Comparatively, 51% of respondents felt satisfied in that of 77-year-old Republican former President Donald Trump.",https://www.businessinsider.com/percent-of-voters-confident-in-biden-mental-strength-poll-2024-2,https://i.insider.com/65c53bec43bb77284ba513aa?width=1200&format=jpeg,2024-02-15T23:13:18Z,"President Joe Biden answers questions while departing the White House on January 30, 2024, in Washington, DC. Biden is scheduled to travel to Florida.Win McNamee/Getty Images
<ul><li>Just 1 in 3 vot… [+1891 chars]"
47,business-insider,Business Insider,tporter@businessinsider.com (Tom Porter),Putin is on a major high as his enemies attack each other and freak out about Tucker Carlson,"The Russian president saw Ukraine's military struggling to cope with a US aid reduction, and Donald Trump stirring hostility to NATO.",https://www.businessinsider.com/putin-just-had-one-of-his-best-ever-weeks-2024-2,https://i.insider.com/65ca232c917a1dae02456867?width=1200&format=jpeg,2024-02-12T16:44:41Z,"Russian President Vladimir Putin's strategy has long been to grind out a victory in Ukraine by outlasting Western resolve, say analysts.Last year there were times when that looked like a major blunde… [+2750 chars]"
48,business-insider,Business Insider,insider@insider.com (Cheryl Teh),Jon Stewart finally said what we were all thinking about Biden's age,"Stewart delivered scathing takes on Donald Trump, but also said what we needed to hear about Joe Biden: He's really old, too.",https://www.businessinsider.com/jon-stewart-daily-show-joe-biden-donald-trump-age-2024-2,https://i.insider.com/65cb22c26fcb546d2d4eeb8e?width=1200&format=jpeg,2024-02-13T09:16:08Z,"Jon Stewart has returned, and boy, does he have things to say.
On his first day back behind the desk at ""The Daily Show,"" he came out swinging on the topic of the two presidential frontrunners' ages… [+2065 chars]"
49,business-insider,Business Insider,Matthew Loh,Trump is racking up $2.6 million in interest for every month that he hasn't paid his $355 million fine,"Trump has to pay 9% per annum interest on penalties backdated as early as 2019, bringing his owed total to around $454 million and counting.",https://www.businessinsider.com/donald-trump-interest-355-million-fine-fraud-new-york-engoron-2024-2,https://i.insider.com/65d56fd9a3bd891424f8c841?width=1200&format=jpeg,2024-02-21T04:25:19Z,"Former President Donald Trump racks up $2.6M in interest every month he doesn't pay his $355 million fine.Justin Sullivan/Getty Images
<ul><li>Donald Trump faces a 9% per annum interest rate for the… [+3341 chars]"
50,business-insider,Business Insider,Kwan Wei Kevin Tan,Trump says his 'very talented' daughter-in-law Lara could help run the RNC,"""Lara is an extremely talented communicator and is dedicated to all that MAGA stands for,"" former President Donald Trump said of his daughter-in-law.",https://www.businessinsider.com/donald-trump-very-talented-daughter-in-law-lara-run-rnc-2024-2,https://i.insider.com/65cae1c36e2e190e71a3e605?width=1200&format=jpeg,2024-02-13T04:33:48Z,"""My very talented daughter-in-law, Lara Trump, has agreed to run as the RNC Co-Chair,"" former President Donald Trump said in a statement on February 12, 2024.Melissa Sue Gerrits via Getty Images
<ul… [+1795 chars]"
51,business-insider,Business Insider,"Erin Snodgrass,Laura Italiano,Jacob Shamsian",Trump trial judge staff opens an envelope with a powdery substance after $454 million verdict,"The judge who oversaw Trump's New York civil fraud case slammed the former president, his two eldest sons, and his company with a $454 million judgement.",https://www.businessinsider.com/trump-trial-judge-sent-powdery-substance-after-verdict-2024-2,https://i.insider.com/65df9a56ce7f1785b2e4b819?width=1200&format=jpeg,2024-02-28T21:19:28Z,"Donald Trump at his civil fraud trial in New York, and the trial judge, New York Supreme Court Justice Arthur Engoron.Michael M. Santiago/Getty Images, left. Jeenah Moon-Pool/Getty Images, right.
<u… [+3566 chars]"
52,business-insider,Business Insider,Erin Snodgrass,Surprise ruling from Illinois judge removes Trump from the ballot due to 'insurrectionist ban',"Illinois is the third state to try to remove Trump from the ballot, following Maine and Colorado. The Supreme Court will soon rule on Colorado's case.",https://www.businessinsider.com/illinois-judge-removes-trump-ballot-insurrectionist-ban-2024-2,https://i.insider.com/65dfd248ce7f1785b2e4cbfe?width=1200&format=jpeg,2024-02-29T00:46:13Z,"Former US President and 2024 presidential hopeful Donald Trump speaks during a campaign event in Waterloo, Iowa, on December 19, 2023.KAMIL KRZACZYNSKI
<ul><li>An Illinois judge removed Donald Trump… [+1426 chars]"
53,business-insider,Business Insider,Alia Shoaib,Trump waves at migrants he's trying to keep out at the US-Mexico border,Former President Donald Trump pumped his fist and waved at migrants at the southern border during a visit with Texas Gov. Greg Abbot on Thursday.,https://www.businessinsider.com/trump-waves-at-migrants-texas-border-visit-they-like-me-2024-3,https://i.insider.com/65e300b46080194819fbf110?width=1200&format=jpeg,2024-03-02T11:28:00Z,"Republican presidential candidate former President Donald Trump speaks at Shelby Park during a visit to the U.S.-Mexico border, Thursday, Feb. 29, 2024, in Eagle Pass, Texas.Eric Gay/AP Photo
<ul><l… [+2951 chars]"
54,business-insider,Business Insider,"Erica Star Domena,Havovi Cooper","How Super Tuesday could shape Trump, Biden, and Haley's future",March 5 marks Super Tuesday. The day can make or break the GOP primary for Donald Trump or Nikki Haley and reaffirm Joe Biden's footing in the race.,https://www.businessinsider.com/how-super-tuesday-could-shape-trump-biden-and-haleys-future-2024-3,https://i.insider.com/65e77ee96080194819fcc0a0?width=1200&format=jpeg,2024-03-05T20:57:04Z,March 5 marks Super Tuesday. The day can make or break the GOP primary for Donald Trump or Nikki Haley and reaffirm Joe Biden's footing in the race.Read the original article on Business Insider
55,business-insider,Business Insider,"Jacob Shamsian,Laura Italiano,Natalie Musumeci",Trump fraud trial judge says there's 'no mistake' the former president's Mar-a-Lago price-tag was 'fraudulent',Trump's fraud-trial judge took a shot at Trump's wildly-inflated claims of Mar-a-Lago's worth in a ruling.,https://www.businessinsider.com/donald-trumps-mar-a-lago-valuation-civil-fraud-verdict-2024-2,https://i.insider.com/65cbe2a96fcb546d2d4f7537?width=1200&format=jpeg,2024-02-16T22:23:17Z,"A Manhattan judge has issued former Pres. Donald Trump with a more than $350 million penalty in the verdict in his fraud trial. Michael M. Santiago/Getty Images
<ul><li>In his single largest net-wor… [+4573 chars]"
56,business-insider,Business Insider,"Bethany Johnson,Havovi Cooper,Jose Duran",Nikki Haley can still beat Trump — here's how,"Nikki Haley could beat Donald Trump as she rallies women voters ahead of the South Carolina GOP primary, which could help turn the tide.",https://www.businessinsider.com/nikki-haley-donald-trump-gop-primary-elections-vote-south-carolina,https://i.insider.com/65c39eae43bb77284ba462d6?width=1200&format=jpeg,2024-02-08T16:04:10Z,"Nikki Haley has a fighting chance against Donald Trump as she rallies women voters ahead of the South Carolina GOP primary, which could help turn the tide.
This story is available exclusively to Bus… [+107 chars]"
57,business-insider,Business Insider,John L. Dorman,5 reasons why Trump won the South Carolina GOP primary,"Former President Trump cleaned up with GOP voters across South Carolina, but especially among suburbanites, rural voters, and voters aged 17-29.",https://www.businessinsider.com/why-trump-won-south-carolina-republican-primary-haley-2024-2,https://i.insider.com/65db76946080194819fa036c?width=1200&format=jpeg,2024-02-25T23:34:02Z,"Former President Donald Trump celebrates at his election night event in Columbia, SC.AP Photo/Andrew Harnik
<ul><li>Former President Trump's primary victory in South Carolina was widely expected.</l… [+4438 chars]"
58,business-insider,Business Insider,John L. Dorman,Trump says conservatives should 'celebrate' the defeat of the bipartisan border security bill: 'We crushed it',"""We crushed … Joe Biden's disastrous open borders bill,"" Trump said of the failed Senate legislation at a campaign rally in South Carolina.",https://www.businessinsider.com/trump-conservatives-border-security-immigration-bill-biden-2024-2,https://i.insider.com/65c923ba610ab33aa5dee399?width=1200&format=jpeg,2024-02-11T20:00:29Z,"Former President Donald Trump speaks at a rally in Conway, South Carolina.AP Photo/Manuel Balce Ceneta
<ul><li>Trump on Saturday cheered the collapse of the Senate's border security bill.</li><li>Tr… [+2563 chars]"
59,business-insider,Business Insider,Alia Shoaib,Nikki Haley slams Trump for questioning her husband's military service and his whereabouts,The war of words comes as Donald Trump seeks to beat Nikki Haley in her home state in the upcoming South Carolina GOP primary.,https://www.businessinsider.com/nikki-haley-hits-back-hard-trumps-comments-husbands-military-service-2024-2,https://i.insider.com/65b00973617029e90a5fa9e6?width=1200&format=jpeg,2024-02-11T12:41:12Z,"Former President Donald Trump, left, and former South Carolina Gov. Nikki Haley.AP Photo/Matt Rourke; AP Photo/Charles Krupa
<ul><li>Haley criticized Trump for questioning her husband's whereabouts … [+3205 chars]"
60,business-insider,Business Insider,Jacob Shamsian,Trump wants a 78% discount on his bond while he appeals the massive $454 million judgment against him,Donald Trump offered to post a $100 million bond as he appeals his fraud trial loss — a fraction of what he owes.,https://www.businessinsider.com/trump-pleads-poverty-new-york-civil-fraud-trial-bond-2024-2,https://i.insider.com/65df85556080194819faee04?width=1200&format=jpeg,2024-02-28T19:30:45Z,"Donald Trump addresses the press just outside the courtroom doors to his Manhattan business fraud trial.Seth Wenig/AP
<ul><li>Donald Trump offered to post a $100 million bond as he appeals his fraud… [+3163 chars]"
61,business-insider,Business Insider,Joshua Zitser,"Trump-branded properties are selling for far less than buildings that removed his name, report says","Manhattan condos branded with Trump's name sell for far less than similar units in buildings that have removed the logo, analysis of sales data found.",https://www.businessinsider.com/trump-branded-properties-sell-less-than-condos-without-name-data-2024-2,https://i.insider.com/65d32e48a610a9069d5a59ad?width=1200&format=jpeg,2024-02-19T11:10:03Z,"Former President Donald Trump, left, and Trump Tower, right, in a composite image.Getty Images
<ul><li>Manhattan condos with Trump's name sell for less than units without his logo, the NYT reported.… [+2885 chars]"
62,business-insider,Business Insider,Kwan Wei Kevin Tan,A former US Army general says Trump wants the US to abandon NATO because he's a 'mafia type' that 'hates alliances',"""Trump hates alliances. He hates an obligation where he'd have to live up to something,"" said Ben Hodges, a former US Army commander.",https://www.businessinsider.com/trump-abandon-nato-mafia-type-hate-alliances-ex-us-general-2024-2,https://i.insider.com/65cb26b66fcb546d2d4eebb1?width=1200&format=jpeg,2024-02-13T09:19:51Z,"""Trump hates alliances. He hates an obligation where he'd have to live up to something,"" Ben Hodges (right), a former commander of US Army Europe, said of Donald Trump's (left) views on NATO.Julia Ni… [+2493 chars]"
63,business-insider,Business Insider,Rebecca Rommen,Nikki Haley evades committing to endorse Donald Trump if he wins the Republican presidential nomination,"GOP nominee hopeful Nikki Haley would not reaffirm her commitment to endorse the Republican nominee in a ""Meet the Press"" interview on NBC News.",https://www.businessinsider.com/nikki-haley-sidestepped-question-whether-would-endorse-trump-as-nominee,https://i.insider.com/65e4921ace7f1785b2e5bebc?width=1200&format=jpeg,2024-03-03T18:07:33Z,"US President Donald Trump speaks as Nikki Haley, the US Ambassador to the United Nations, looks on in the Oval Office of the White House on October 9, 2018, in Washington, DC.OLIVIER DOULIERY
<ul><l… [+3009 chars]"
64,business-insider,Business Insider,Laura Italiano,Trump CFO Allen Weisselberg told a blatant lie about a blatant lie. Here's how NYC prosecutors got him for perjury.,"It turns out Allen Weisselberg not only lied about the size of Trump's penthouse, but then lied about lying.",https://www.businessinsider.com/heres-how-ny-caught-trumps-cfo-in-perjury-2024-3,https://i.insider.com/65e630426080194819fc564b?width=1200&format=jpeg,2024-03-04T21:18:57Z,"Allen Weisselberg, former CFO at the Trump Organization, leaves court in Manhattan after pleading guilty to perjury.Reuters/Brendan McDermid
<ul><li>On Monday in Manhattan, Allen Weisselberg pleaded… [+5578 chars]"
65,business-insider,Business Insider,Jacob Shamsian,'Stop interrupting me': Judge loses patience with Trump lawyer who tries to move back 'hush-money' trial because ex-president is too busy,Donald Trump's lawyers repeatedly tried to move back the trial in his Manhattan criminal hush-money trial.,https://www.businessinsider.com/trump-judge-loses-patience-ex-president-lawyer-manhattan-da-2024-2,https://i.insider.com/65ce58026fcb546d2d503499?width=1200&format=jpeg,2024-02-15T18:58:18Z,"Former Pres. Donald Trump attends a hearing in his felony hush money case in Manhattan on Feb. 15, 2024.Spencer Platt/Getty Images
<ul><li>The judge overseeing Donald Trump's hush-money case lost pa… [+4808 chars]"
66,business-insider,Business Insider,Jacob Shamsian,Trump lawyers don't want prospective jurors in 'hush-money' case to be asked if 2020 election was stolen,Manhattan DA prosecutors and Donald Trump's lawyers sparred over potential jury questions in his hush-money case.,https://www.businessinsider.com/trump-lawyers-manhattan-trial-jurors-election-stolen-2024-2,https://i.insider.com/65ce49d0a610a9069d594e4d?width=1200&format=jpeg,2024-02-15T17:39:28Z,"Former President Donald Trump addresses the media outside of a hearing on his felony hush money trial at Manhattan Criminal Court on Feb. 15, 2024.ANGELA WEISS/Getty Images
<ul><li>Prosecutors and D… [+6287 chars]"
67,business-insider,Business Insider,"Jacob Shamsian,Narimes Parakul,Andy Kiersz,Haven Orecchio-Egresitz,Laura Italiano",Donald Trump spent over $52 million in PAC donor money on legal fees last year. Here's where it all went.,Donald Trump spent over $50 million in PAC donor money on legal fees in 2023. The vast majority went to firms working on his personal legal problems.,https://www.businessinsider.com/donald-trump-legal-fees-pac-donor-money-personal-cases-2024-2,https://i.insider.com/65c54d3a6fcb546d2d4db830?width=1200&format=jpeg,2024-02-13T10:06:01Z,"MANDEL NGAN/Getty, Fayethequeen/Getty, Tyler Le/BI
<ul><li>Donald Trump spent $52,431,858 on legal fees in 2023 using PAC funds, a Business Insider analysis found.</li><li>The vast majority — nearly… [+18104 chars]"
68,business-insider,Business Insider,"Laura Italiano,Jacob Shamsian","Trump loses big in NY hush-money hearing, as judge rejects all efforts to dodge or delay March 25 trial",Former Pres. Donald Trump will head to trial next month on felony charges stemming from an alleged illegal payment to adult film actress Stormy Danels.,https://www.businessinsider.com/donald-trumps-hush-money-case-no-delay-no-dismissal-2024-2,https://i.insider.com/65ce3a4cf533b039a883fbc1?width=1200&format=jpeg,2024-02-15T16:50:22Z,"Former Pres. Donald Trump, flanked by court officers, outside of a courtroom at Manhattan Criminal Court Feb. 15, 2024, for his hearing on his felony hush-money case.Spencer Platt/Getty Images
<ul><… [+4494 chars]"
69,business-insider,Business Insider,Grace Kay,Jack Dorsey gave his parents a security detail after Twitter banned Trump,"Twitter cofounder Jack Dorsey was concerned about his parents' safety after his company banned former President Donald Trump, according to a new book.",https://www.businessinsider.com/jack-dorsey-parents-security-after-twitter-banned-donald-trump,https://i.insider.com/65cb955e6fcb546d2d4f0f75?width=1200&format=jpeg,2024-02-20T14:29:52Z,"Rolf Vennenbernd/picture alliance via Getty Images; Chip Somodevilla/Getty Images
<ul><li>Jack Dorsey feared for his parents' safety after Twitter banned Donald Trump, a new book says.</li><li>His p… [+3300 chars]"
70,business-insider,Business Insider,Jacob Shamsian,Hackers threaten to release Trump documents from Georgia case if they don't get a ransom by Thursday,The group that hacked the Atlanta-area government websites claims it has Trump documents that could affect the 2024 presidential election.,https://www.businessinsider.com/trump-georgia-documents-ransom-threat-fulton-county-hack-lockbit-2024-2,https://i.insider.com/65df5c8d6080194819facdc7?width=1200&format=jpeg,2024-02-28T18:09:44Z,"Republican presidential candidate, former U.S. President Donald Trump, attends a pretrial hearing at Manhattan Criminal Court.Jefferson Siegel-Pool/Getty Images
<ul><li>Hackers set a ransom deadline… [+8934 chars]"
71,business-insider,Business Insider,Rebecca Rommen,"Authorities have launched a 'criminal investigation' into Foremost Group CEO Angela Chao's death, report says","Her sister, Elaine Chao, was a former Secretary of Transportation in the Trump administration and the wife of Senate Minority Leader Mitch McConnell.",https://www.businessinsider.com/criminal-investigation-opened-for-foremost-group-ceo-angela-chaos-pond-death-2024-3,https://i.insider.com/65e30b1bce7f1785b2e5b344?width=1200&format=jpeg,2024-03-02T13:31:59Z,"Jim Breyer and Angela Chao.Frazer Harrison
<ul><li>Authorities have launched a ""criminal investigation"" into the death of the Foremost Group CEO.</li><li>Angela Chao was found dead in a car that had… [+1846 chars]"
72,business-insider,Business Insider,Laura Italiano,"Trump's fraud-trial judge, left out of loop, demands to know if a key witness really may cop to perjury like the NYT says",Judge Arthur Engoron does not sound happy that he had to learn about ex-Trump Org CFO Allen Weisselberg's perjury negotiations in the New York Times.,https://www.businessinsider.com/blindsided-trump-fraud-trial-judge-demands-intel-on-perjury-plea-2024-2,https://i.insider.com/65c2740143bb77284ba419f0?width=1200&format=jpeg,2024-02-06T18:12:00Z,"New York Supreme Court Justice Arthur Engoron presided over closing arguments in the Trump civil fraud trial.Shannon Stapleton/Reuters
<ul><li>The New York Times reported that ex-Trump Org CFO Allan… [+3777 chars]"
73,business-insider,Business Insider,Kwan Wei Kevin Tan,Mark Cuban says he will vote for Joe Biden even if the president 'was being given last rites',"""If they were having his last wake, and it was him versus Trump, and he was being given last rites, I would still vote for Joe Biden,"" Cuban said.",https://www.businessinsider.com/mark-cuban-will-vote-for-joe-biden-despite-his-age-2024-3,https://i.insider.com/65e6864690413ab8e1d91e85?width=1200&format=jpeg,2024-03-05T04:13:37Z,"Joe Biden (left), Mark Cuban (center), and Donald Trump (right).Saul Loeb/AFP via Getty Images; Mandel Ngan/AFP via Getty Images; Alon Skuy via Getty Images
<ul><li>Mark Cuban says he'll vote for Jo… [+2734 chars]"
74,business-insider,Business Insider,Laura Italiano,Trump attacked her as a 'co-judge;' now NY law clerk Allison Greenfield is on her way to becoming an actual judge,"Undaunted by attacks by Trump and MAGA faithful, NY fraud-trial's Allison Greenfield is now running for a Manhattan judgeship with Democrat backing.",https://www.businessinsider.com/trump-targeted-law-clerk-advances-toward-her-own-ny-judgeship-2024-2,https://i.insider.com/65c176af6fcb546d2d4c6da2?width=1200&format=jpeg,2024-02-06T15:09:54Z,"Principal law clerk Allison Greenfield and New York Supreme Court Justice Arthur F. Engoron at Donald Trump's civil fraud trial in Manhattan.Mike Segar/Pool Photo via AP
<ul><li>Allison Greenfield, … [+6497 chars]"
75,business-insider,Business Insider,Talia Lakritz,Photos show what the childhood homes of 33 US presidents looked like,"Some US presidents, like Jimmy Carter, were raised on farms with no electricity or running water. Others, such as Donald Trump, grew up in mansions.",https://www.businessinsider.com/us-presidents-childhood-homes-photos-2020-5,https://i.insider.com/65cfbc43a610a9069d5a1523?width=1200&format=jpeg,2024-02-18T21:49:55Z,"Joe Biden visits his childhood home in Scranton, Pennsylvania, in 2020.ANGELA WEISS/AFP via Getty Images
<ul>
<li>Some US presidents, like Jimmy Carter, grew up on farms with no electricity or runni… [+10849 chars]"
76,business-insider,Business Insider,John L. Dorman,Nikki Haley says Trump wants to 'control' the RNC and use it as a 'piggy bank' for his legal battles,"Haley made her remarks on CNN after Trump was found liable for inflating his net worth and ordered to pay nearly $355 million, plus interest.",https://www.businessinsider.com/nikki-haley-trump-rnc-legal-fees-piggy-bank-trials-election-2024-2,https://i.insider.com/65b00973617029e90a5fa9e6?width=1200&format=jpeg,2024-02-17T20:30:54Z,"Former President Donald Trump, left, and former South Carolina Gov. Nikki Haley.AP Photo/Matt Rourke; AP Photo/Charles Krupa
<ul><li>Nikki Haley is concerned about Trump's effort to reshape the RNC'… [+2690 chars]"
77,business-insider,Business Insider,Madison Hall,Taylor Swift tells fans to vote on Super Tuesday without endorsing anyone,"Swift's call to action comes after months of indignation from GOP pundits and Trump himself. In 2020, she endorsed Biden in the general election.",https://www.businessinsider.com/taylor-swift-tells-fans-vote-on-super-tuesday-no-endorsement-2024-3,https://i.insider.com/65e73419ce7f1785b2e64800?width=1200&format=jpeg,2024-03-05T15:18:52Z,"Taylor Swift performs during ""Taylor Swift | The Eras Tour"" at the National Stadium on March 2, 2024 in Singapore.Ashok Kumar/TAS24/Getty Images for TAS Rights Management
<ul><li>Taylor Swift told h… [+2479 chars]"
78,business-insider,Business Insider,Kwan Wei Kevin Tan,"Nikki Haley just won her first primary victory in DC, but Trump is still crushing the GOP race","Haley's first primary victory comes ahead of Super Tuesday on March 5. With only 43 delegates, Haley is trailing behind Trump, who has 244 delegates.",https://www.businessinsider.com/nikki-haley-win-first-gop-primary-dc-trump-still-frontrunner-2024-3,https://i.insider.com/65e530ad90413ab8e1d8ad5d?width=1200&format=jpeg,2024-03-04T03:07:32Z,"Nikki Haley (left) and Donald Trump (right).Scott Eisen via Getty Images; Win McNamee via Getty Images
<ul><li>Nikki Haley has become the first woman in history to win a GOP primary. </li><li>Haley … [+1981 chars]"
79,business-insider,Business Insider,John L. Dorman,"Nikki Haley picks up Collins, Murkowski endorsements while most Senate Republicans line up behind Trump",Sens. Lisa Murkowski and Susan Collins are backing Nikki Haley's campaign. But Trump remains in the driver's seat among Republican lawmakers.,https://www.businessinsider.com/nikki-haley-senate-gop-endorsements-murkowski-collins-trump-primary-2024-3,https://i.insider.com/65e388766080194819fbf620?width=1200&format=jpeg,2024-03-02T21:37:22Z,"Sens. Susan Collins and Lisa Murkowski have endorsed Nikki Haley's presidential campaign.AP Photo/J. Scott Applewhite; AP Photo/Chris Carlson; AP Photo/Becky Bohrer
<ul><li>Nikki Haley has secured h… [+2472 chars]"
80,business-insider,Business Insider,Bryan Metzger,Biden is obviously an old man with a fading memory. But don't expect the special counsel report to significantly affect 2024.,"Voters already know Biden's old, and he has public memory lapses all the time. Ultimately, 2024 will be about Biden vs. Trump.",https://www.businessinsider.com/joe-biden-memory-issues-special-counsel-report-2024-2,https://i.insider.com/65c54d5143bb77284ba52700?width=1200&format=jpeg,2024-02-08T22:24:57Z,"Biden speaks at the House Democratic Caucus Issues Conference in Leesburg, Virginia, on February 8, 2024.Jim Watson/AFP via Getty Images
<ul><li>Special Counsel Robert Hur's report says some unflatt… [+3194 chars]"
81,business-insider,Business Insider,Madison Hall,Trump says Republicans would've won New York's special election if their candidate had supported him more,Mazi Pilip's loss Tuesday night shrunk the Republican Party's already-narrow majority in the House. Trump said it could've been avoided.,https://www.businessinsider.com/trump-blames-ny-gop-candidates-loss-on-not-supporting-him-2024-2,https://i.insider.com/65cd051e94aa8ee8e84b5ce0?width=1200&format=jpeg,2024-02-14T19:56:48Z,"Republican presidential candidate and former President Donald Trump gestures to members of the audience as he leaves a Get Out The Vote rally at Coastal Carolina University on February 10, 2024, in C… [+2637 chars]"
82,business-insider,Business Insider,"Erin Snodgrass,Haven Orecchio-Egresitz,Jacob Shamsian,Natalie Musumeci",Fani Willis takes the stand hellbent on setting the record straight — but legal experts are split on whether her testimony did more harm than good,"Fani Willis testified Thursday about her relationship with Nathan Wade, the lawyer she hired to lead the GA election interference case against Trump.",https://www.businessinsider.com/fani-willis-stand-legal-experts-split-effectiveness-georgia-trump-2024-2,https://i.insider.com/65cec1646fcb546d2d507cc8?width=1200&format=jpeg,2024-02-16T03:21:52Z,"Fulton County DA Fani Willis testifies at a hearing Feb. 15 in Atlanta on her relationship with Special Prosecutor Nathan Wade.Pool
<ul><li>Fulton County DA Fani Willis took the stand with a fiery a… [+7908 chars]"
83,business-insider,Business Insider,John L. Dorman,Biden mocks Trump's push to debate him 'immediately' as the primary process remains underway: 'He's got nothing else to do',"Trump is eager to debate President Biden, but the former president has so far refused to participate in any of the 2024 Republican primary debates.",https://www.businessinsider.com/biden-trump-presidential-debates-election-clash-2024-2,https://i.insider.com/65c2665343bb77284ba41094?width=1200&format=jpeg,2024-02-06T17:16:53Z,"President Joe Biden, left, and former President Donald Trump.AP Photo/Jacquelyn Martin, File; AP Photo/Artie Walker Jr.
<ul><li>President Biden mocked Trump over the ex-president's desire to begin d… [+2756 chars]"
84,business-insider,Business Insider,Mattathias Schwartz,Exclusive: Russia-linked smear campaign against Hunter Biden began earlier than previously thought,A former KGB agent handed off a thumb drive with disinfo about Hunter Biden to a Trump official at a Claremont Institute gala.,https://www.businessinsider.com/a-russia-linked-campaign-to-spread-dirt-about-hunter-biden-and-burisma-2024-2,https://i.insider.com/64be84feed4f46001961d5c9?width=1200&format=jpeg,2024-02-23T00:57:58Z,"WASHINGTON, DC April 18, 2022: Hunter Biden during the White House Easter Egg Roll on the South Lawn on April 18, 2022..Demetrius Freeman/The Washington Post via Getty Images
<ul><li>A former KGB ag… [+7597 chars]"
85,business-insider,Business Insider,Laura Italiano,Trump's former CFO will plead guilty to NY fraud trial perjury: NYT,"Allen Weisselberg, Trump Org's top fiscal officer for 30 years, will plead guilty to perjuring himself at the former president's fraud trial last year.",https://www.businessinsider.com/trumps-former-cfo-will-plead-guilty-to-ny-fraud-trial-perjury-2024-3,https://i.insider.com/65e5d4ddce7f1785b2e5cc80?width=1200&format=jpeg,2024-03-04T14:15:25Z,"Donald Trump and Allen Weisselberg, the former president's former chief financial officer.Evan Vucci/AP
<ul><li>Allen Weisselberg, Trump Org's top fiscal officer for 30 years, will plead to perjury,… [+2413 chars]"
86,business-insider,Business Insider,Bryan Metzger,Trump won't get to hand-pick McConnell's successor — just look at what happened to Jim Jordan,"GOP senators will almost certainly vote behind closed doors, and a Trump endorsement is just one of many factors that they'll have to weigh.",https://www.businessinsider.com/trump-wont-pick-mcconnells-successor-recall-jim-jordans-speaker-bid-2024-2,https://i.insider.com/65e09ef490413ab8e1d7ce3d?width=1200&format=jpeg,2024-02-29T16:39:00Z,"Former President Donald Trump and Senate Minority Leader Mitch McConnell.Win McNamee/Getty Images; Bill Clark/CQ-Roll Call via Getty Images
<ul><li>Mitch McConnell is stepping down, and Republican s… [+5130 chars]"
87,business-insider,Business Insider,Laura Italiano,"Trump fights proposed hush-money trial gag, argues 'tens of millions of Americans' want to hear his views about the case","The First Amendment protects not only speech, but those who listen to speech, his lawyers argued Monday.",https://www.businessinsider.com/trump-says-hush-money-gag-will-hurt-millions-of-americans-2024-3,https://i.insider.com/65e67ad790413ab8e1d91b34?width=1200&format=jpeg,2024-03-05T03:04:59Z,"Former President Donald Trump, left. adult film star Stormy Daniels, center. Manhattan District Attorney Alvin Bragg, right.Alex Brandon/AP, left. Markus Schreiber/AP, center. Eduardo Munoz Alvarez/A… [+3772 chars]"
88,business-insider,Business Insider,Mia Jankowicz,It may look like Trump scared NATO back into readiness — but it's probably all down to Putin,"Trump's eye-opening remarks encouraging Russia to attack NATO states that don't meet defense spending targets has no silver lining, experts said.",https://www.businessinsider.com/trump-didnt-scare-nato-defense-spending-putin-did-experts-2024-2,https://i.insider.com/65d870fa90413ab8e1d64b13?width=1200&format=jpeg,2024-02-23T10:27:05Z,"Former President Donald Trump speaks at a rally in Conway, S.C., on February 10, 2024.AP Photo/Manuel Balce Ceneta
<ul><li>Trump shocked NATO by seemingly encouraging an attack on members that don't… [+6100 chars]"
89,business-insider,Business Insider,"Kwan Wei Kevin Tan,Lloyd Lee","The RNC is a mess now Ronna McDaniel is likely on her way out, and Trump holds all the cards","According to reports, Ronna McDaniel offered to step down as RNC chair after the South Carolina primary.",https://www.businessinsider.com/donald-trump-could-endorse-election-denier-to-replace-ronna-mcdaniel-2024-2,https://i.insider.com/65c317b06fcb546d2d4cdeeb?width=1200&format=jpeg,2024-02-08T01:07:43Z,"Republican National Committee chairwoman Ronna McDaniel (left) and former President Donald Trump (right).William B. Plowman/NBC via Getty Images; Chip Somodevilla via Getty Images
<ul><li>Ronna McDa… [+4067 chars]"
90,business-insider,Business Insider,John L. Dorman,Nikki Haley should be a natural fit for the South Carolina Lowcountry. So why is Trump poised to win the region in the GOP primary?,"Donald Trump's consolidation of the GOP has left Nikki Haley with fewer persuadable voters, even in a region where in years past she would've thrived.",https://www.businessinsider.com/haley-trump-south-carolina-lowcountry-conservatives-gop-moderates-2024-2,https://i.insider.com/65da199e6080194819f9f9b6?width=1200&format=jpeg,2024-02-24T16:57:12Z,"GOP presidential candidate Nikki Haley campaigns in Kiawah Island, South Carolina.Win McNamee/Getty Images
<ul><li>In the more moderate Lowcountry, Republicans like Nikki Haley long appealed broadly… [+3949 chars]"
91,bbc-news,BBC News,https://www.facebook.com/bbcnews,"Who is Tucker Carlson, the man interviewing Vladimir Putin?",Tucker Carlson is the first Western journalist to interview Putin since the invasion of Ukraine.,https://www.bbc.co.uk/news/world-us-canada-68245076,https://ichef.bbci.co.uk/news/1024/branded_news/13D1B/production/_132597118_gettyimages-1546575693.jpg,2024-02-08T21:04:25Z,American journalist Tucker Carlson is the first Western journalist to interview Russian President Vladimir Putin since his country's invasion of Ukraine in February 2022. The televised sit-down will … [+5618 chars]
92,business-insider,Business Insider,Laura Italiano,"In Trump's NY hush-money case, key decisions at his court appearance on Thursday will shape his first felony trial","Here's what's on tap for the GOP front-runner's mandatory court date in Manhattan, including key defense motions to be decided by the judge.",https://www.businessinsider.com/trumps-hush-money-appearance-will-shape-his-first-felony-trial-2024-2,https://i.insider.com/65c79abc610ab33aa5decc2d?width=1200&format=jpeg,2024-02-11T11:21:01Z,"Donald Trump, moments after being booked last year on his 34-count hush-money case in New York.Michael M. Santiago/Getty Images
<ul><li>Donald Trump returns to court Thursday in his New York hush-mo… [+10568 chars]"
93,business-insider,Business Insider,mhall@businessinsider.com (Madison Hall),A third of young voters said they wouldn't want to be friends with someone who voted for a different presidential candidate: poll,A similar Monmouth University poll from 2016 found that 7% of voters reported friendships ending due to the election.,https://www.businessinsider.com/third-young-voters-friendsip-democrats-republicans-trump-biden-poll-2024-2,https://i.insider.com/65de07f36080194819fa7294?width=1200&format=jpeg,2024-02-27T18:23:07Z,"As the 2024 presidential election quickly approaches, a large number of young adults say they're unwilling to be friends with someone voting for the presidential candidate of the opposing political p… [+1894 chars]"
94,business-insider,Business Insider,mhall@businessinsider.com (Madison Hall),2 House Republicans push back against claims that a president can easily fix the border: 'Why didn't Trump just shut down the border? He couldn't.',The GOP is now on the verge of tanking an immigration agreement after failing an impeachment vote.,https://www.businessinsider.com/2-house-republicans-say-closing-border-isnt-easy-trump-says-2024-2,https://i.insider.com/65c392656fcb546d2d4ced87?width=1200&format=jpeg,2024-02-07T15:46:34Z,"As House Republicans failed Tuesday evening in a vote to impeach Homeland Security Alejandro Mayorkas, two staunch conservative representatives from Texas pushed back against former President Donald … [+1868 chars]"
95,business-insider,Business Insider,Jacob Shamsian,E. Jean Carroll's lawyers demand Trump ponies up $83.3 million verdict and say he needs to prove he has the money,"Donald Trump's attempt to get out of paying amounts to ""the court filing equivalent of a paper napkin,"" E. Jean Carroll's lawyers say.",https://www.businessinsider.com/carroll-lawyers-demand-trump-pay-verdict-money-appeal-2024-2,https://i.insider.com/65e0d7716080194819fb52ca?width=1200&format=jpeg,2024-02-29T19:42:04Z,"Donald Trump and E. Jean Carroll.REUTERS/Andrew Kelly; Luiz C. Ribeiro/New York Daily News/Tribune News Service via Getty Images
<ul><li>E. Jean Carroll's lawyers demanded Trump pay the $83.3 millio… [+4061 chars]"
96,engadget,Engadget,Lawrence Bonk,Add Taylor Swift to the list of famous people who don't like their private jets being tracked,It looks like Elon Musk isn’t the only billionaire who doesn’t like having their private jet tracked. Pop star Taylor Swift has threatened legal action against a Florida student who set up multiple social media accounts that release real-time information as t…,https://www.engadget.com/add-taylor-swift-to-the-list-of-famous-people-who-dont-like-their-private-jets-being-tracked-163326648.html,https://s.yimg.com/ny/api/res/1.2/52VviQRAb9Dk0Lj5mRDDKQ--/YXBwaWQ9aGlnaGxhbmRlcjt3PTEyMDA7aD03NzA-/https://s.yimg.com/os/creatr-uploaded-images/2024-01/86a81aa0-c50b-11ee-b47f-225076d65518,2024-02-06T16:33:26Z,It looks like Elon Musk isnt the only billionaire who doesnt like having their private jet tracked. Pop star Taylor Swift has threatened legal action against a Florida student who set up multiple soc… [+3192 chars]
97,business-insider,Business Insider,Laura Italiano,Think your interest costs are high? Donald Trump now owes $1M more in interest on his NY fraud trial judgment.,Think your interest costs are high? The GOP frontrunner's penalty for a decade of banking document fraud increases by $1M in interest every nine days.,https://www.businessinsider.com/donald-trump-now-owes-1m-more-in-interest-on-ny-fraud-judgment-2024-3,https://i.insider.com/65e28df690413ab8e1d89a36?width=1200&format=jpeg,2024-03-02T10:01:01Z,"Trump's ""I'm rich!"" boasts are actually making him less rich when it comes to big-money verdicts.Chris Seward/AP, left. LM Otero/AP, right.
<ul><li>Under last month's fraud trial judgment, Trump's d… [+3643 chars]"
98,business-insider,Business Insider,Brent D. Griffiths,Top Trump campaign official slams 'sad little man' DeSantis saying he will only be remembered for 'chicken fingers and pudding cups',LaCivita was responding to DeSantis' reported private comments about Trump's vice presidential consideration.,https://www.businessinsider.com/top-trump-campaign-official-desantis-remembered-chicken-fingers-pudding-cups-2024-2,https://i.insider.com/65d7801fa610a9069d5b4442?width=1200&format=jpeg,2024-02-22T17:38:35Z,"Florida Gov. Ron DeSantisSteven Ferdman/Getty Images
<ul><li>A top Trump campaign official torched Ron DeSantis on X.</li><li>Chris LaCivita, who co-leads Trump's campaign, said DeSantis will only b… [+3029 chars]"
99,business-insider,Business Insider,Huileng Tan,"China's economy may not overtake the US, but a Trump presidency would still help Beijing: former IMF official","China will find it hard to sustain a growth rate at 4% to 5% in the next few years, said Eswar Prasad,  a Cornell professor and former IMF official.",https://www.businessinsider.com/china-economy-trump-presidency-could-still-help-china-eswar-prasad-2024-2,https://i.insider.com/65c2e1fd6fcb546d2d4cdb93?width=1200&format=jpeg,2024-02-07T05:29:45Z,"Former US President Donald Trump and China's leader Xi Jinping on November 9, 2017.Fred Dufour/AFP/Getty Images
<ul><li>China will find it hard to sustain an economic growth rate of 4% to 5% in the … [+3148 chars]"
